{"cameraMode":{"drawMode":0,"name":"Shaded","section":"Shading Mode"},"sceneLighting":true,"audioPlay":false,"sceneViewState":{"showFog":true,"showMaterialUpdate":true,"showSkybox":true,"showFlares":true,"showImageEffects":true,"showParticleSystems":true},"in2DMode":false,"pivot":{"x":-0.274688720703125,"y":1.445265769958496,"z":3.9107775688171388},"rotation":{"x":-0.21305370330810548,"y":-0.5333994030952454,"z":0.14093062281608582,"w":-0.8063730597496033},"size":10.449999809265137,"orthographic":false}