{"cameraMode":{"drawMode":0,"name":"Shaded","section":"Shading Mode"},"sceneLighting":true,"audioPlay":false,"sceneViewState":{"showFog":true,"showMaterialUpdate":true,"showSkybox":true,"showFlares":true,"showImageEffects":true,"showParticleSystems":true},"in2DMode":false,"pivot":{"x":-4.460175514221191,"y":-0.5465197563171387,"z":12.167545318603516},"rotation":{"x":-0.1699661910533905,"y":0.14925512671470643,"z":-0.02605256997048855,"w":-0.9737355709075928},"size":10.449999809265137,"orthographic":false}